code	name
AE	UAE
AE-AJ	アジマン
AT	オーストリア共和国
AT-1	ブルゲンラント州
AT-5	ザルツブルク州
AT-8	フォアアールベルク州
AU	オーストラリア
AU	豪州
AU-ACT	オーストラリア首都特別地域
AU-NSW	ニューサウスウェールズ州
AU-QLD	クイーンズランド州
AU-SA	南オーストラリア州
AU-TAS	タスマニア州
AU-VIC	ビクトリア州
AU-WA	西オーストラリア州
CA-AB	アルバータ州
CA-BC	ブリティッシュコロンビア州
CA-MB	マニトバ州
CA-NB	ニューブランズウィック州
CA-NL	ニューファンドランド・ラブラドール州
CA-NS	ノバスコシア州
CA-NT	ノースウェスト準州
CA-NU	ヌナブト準州
CA-ON	オンタリオ州
CA-PE	プリンスエドワードアイランド州
CA-QC	ケベック州
CA-SK	サスカチュワン州
CA-YT	ユーコン準州
CH	スイス連邦
CH-AG	アールガウ州
CH-AI	アッペンツェル・インナーローデン準州
CH-AR	アッペンツェル・アウサーローデン準州
CH-BL	バーゼル＝ラント準州
CH-FR	フリブール州
CH-GL	グラールス州
CH-JU	ジュラ州
CH-NE	ヌーシャテル州
CH-NW	ニトヴァルデン準州
CH-OW	オプヴァルデン準州
CH-SH	シャフハウゼン州
CH-SO	ゾロトゥルン州
CH-SZ	シュヴィーツ州
CH-TG	トゥールガウ州
CH-TI	ティチーノ州
CH-UR	ウーリ州
CH-VD	ヴォー州
CH-VS	ヴァレー州
CH-ZG	ツーク州
CH-ZH	チューリヒ州
CN	中華人民共和国
DE	ドイツ連邦共和国
DE-BB	ブランデンブルク州
DE-BW	バーデン＝ヴュルテンベルク州
DE-HB	ブレーメン州
DE-MV	メクレンブルク＝フォアポンメルン州
DE-RP	ラインラント＝プファルツ州
DE-SH	シュレースヴィヒ＝ホルシュタイン州
DE-SL	ザールラント州
ES-EX	エストゥレマドゥーラ
ES-EX	エストレマドゥーラ州
ES-M	コムニダ・デ・マドリッド
ES-ML	メリリャ
ES-RI	ラ・リオハ州
ES-S	カンタブリア州
ES-V	ヴァレンシア
ES-V	コムニダ・バレンシアーナ
FR	フランス共和国
FR-CVL	サントル＝ヴァル・ド・ロワール地域圏
FR-GES	グラン・テスト地域圏
FR-HDF	オー＝ド＝フランス地域圏
FR-OCC	オクシタニ
FR-PAC	プロヴァンス＝アルプ＝コート・ダジュール地域圏
FR-PDL	ペイ・ド・ラ・ロワール地域圏
GB	イギリス
GB	UK
GB-ENG	イングランド
GB-NIR	北アイルランド
GB-SCT	スコットランド
GN10254803	めんだひがし
GN10254803	メンダヒガシ
GN10255720	きのえにし
GN10255720	キノエニシ
GN10267168	須恵町
GN10630004	Shōnai-machi
GN10630007	対馬市
GN10630441	Ōzora-chō
GN10913431	ばらき
GN10968247	荒川区
GN10979195	松伏町
GN10979195	Matsubushi-machi
GN10987897	足立区
GN11001656	Motobu-chō
GN11028127	どうじょう
GN11028127	ドウジョウ
GN11029762	ぶぞう
GN11029762	ブゾウ
GN11059676	すぎた
GN11059676	スギタ
GN11079431	もとな
GN11079431	モトナ
GN11081664	ミナトミライ
GN11082924	しんこやす
GN11082924	シンコヤス
GN11133293	ほんごう
GN11133293	ホンゴウ
GN11133426	うしごめ
GN11133426	ウシゴメ
GN11134304	かわすがや
GN11134304	カワスガヤ
GN11140308	ながどみ
GN11140308	ナガドミ
GN11147658	しまだ
GN11147658	シマダ
GN11149616	なかまつ
GN11149616	ナカマツ
GN11151271	かわはら
GN11151271	カワハラ
GN11154442	田上町
GN11172649	おきの
GN11172649	オキノ
GN11193762	わかす
GN11193762	ワカス
GN11209896	ことう
GN11209896	コトウ
GN11209896	江東区
GN11240939	うえじま
GN11240939	ウエジマ
GN11241005	さまた
GN11241005	サマタ
GN11241735	やまだ
GN11241735	ヤマダ
GN11274040	あらお
GN11274040	アラオ
GN11335421	ながおだ
GN11335421	ナガオダ
GN11350714	Miyota-machi
GN11397286	Nagawa-machi
GN11468270	伊賀市
GN11468429	桑名市
GN11468431	松坂市
GN11524139	北杜市
GN11611221	氷見市
GN11612476	Shi-betsu
GN11790342	世田谷区
GN11790353	新宿区
GN11790369	台東区
GN11790374	目黒区
GN11808021	渋谷区
GN1253573	ヴァドーダラー
GN1254388	ティルッチラーッパッリ
GN1256237	シムラー
GN1260086	パトナー
GN1262260	ナーガッパッティナム
GN1264728	ルディヤーナー
GN1264733	ラクナウー
GN1268865	ジョードプル
GN1269300	ジャムシェードプル
GN1269655	イーターナガル
GN1270396	ハーウラー
GN1271476	グワーハーティー
GN1271715	ガンディーナガル
GN1271951	ファリーダーバード
GN1272543	ティンドゥッカル県
GN1275841	ボーパール
GN1278994	イラーハーバード
GN1279259	アーグラー
GN1280737	ラサ市
GN1280849	カシュガル市
GN13118912	嵐山町
GN13192008	秋津町
GN1529102	ウルムチ市
GN1529376	コルラ市
GN1529660	アクス市
GN1566083	ホーチミン
GN1566083	サイゴン
GN1586185	カオバン市
GN1606590	サムットプラカーン県
GN1668341	台北市
GN1668355	台南市
GN1668399	台中市
GN1673820	たかおし
GN1784285	中衛市
GN1784990	湛江市
GN1785623	崑山市
GN1785777	楡林市
GN1787227	揚州市
GN1790437	珠海市
GN1791121	常徳市
GN1791779	万寧市
GN1793346	唐山市
GN1795270	石家荘市
GN1795940	汕頭市
GN1798449	ホ田市
GN1798654	萍郷市
GN1802276	竜岩市
GN1804430	蘭州市
GN1805753	済南市
GN1806488	瓊海市
GN1806776	恵州市
GN1809858	広州市
GN1809858	Kōshū
GN1809858	Hiroshū
GN1810638	カン州市
GN1811103	Hotokeyama
GN1815395	潮州市
GN1816971	保定市
GN1817240	白銀市
GN1835848	ソウル
GN1838524	釜山
GN1838524	釜山市
GN1841811	光州
GN1841811	光州市
GN1841811	光州広域市
GN1846918	安山
GN1847947	新宮市
GN1847963	厚木市
GN1847963	厚木町
GN1847966	明石市
GN1847968	ずし
GN1847968	ズシ
GN1847983	善通寺町
GN1848004	座間市
GN1848015	湯沢町
GN1848055	下呂市
GN1848087	行橋市
GN1848096	結城市
GN1848131	湯浅町
GN1848277	米子市
GN1848281	与那原町
GN1848281	Yonabaru-chō
GN1848313	横須賀市
GN1848354	横浜市
GN1848354	よこはまし
GN1848354	よこはま
GN1848354	ヨコハマ
GN1848354	ヨコハマシ
GN1848373	四日市市
GN1848382	Yōkaichi-shi
GN1848439	八幡市
GN1848445	八代市
GN1848445	ほんまち
GN1848445	ホンマチ
GN1848518	Yaotsu-chō
GN1848522	八尾市
GN1848573	柳川市
GN1848667	山北町
GN1848689	山口市
GN1848689	やまぐちし
GN1848689	やまぐち
GN1848689	ヤマグチ
GN1848689	ヤマグチシ
GN1848705	山鹿市
GN1848705	やまが
GN1848705	ヤマガ
GN1848764	矢掛町
GN1848774	焼津市
GN1848776	矢板市
GN1848852	養父市
GN1848932	和木町
GN1848935	和気町
GN1848976	輪島崎町
GN1848976	輪島市
GN1848988	和泊町
GN1849053	宇都宮市
GN1849053	うつのみやし
GN1849053	うつのみや
GN1849053	ウツノミヤ
GN1849053	ウツノミヤシ
GN1849073	Utazu-chō
GN1849094	臼杵市
GN1849154	うしぶかまち
GN1849154	ウシブカマチ
GN1849154	牛深市
GN1849154	Ushibuka-shi
GN1849237	魚津市
GN1849299	Umi-machi
GN1849372	宇治市
GN1849407	上野原市
GN1849424	うえきまちもうの
GN1849424	ウエキマチモウノ
GN1849429	上田市
GN1849442	鵜殿村
GN1849442	Udono-mura
GN1849498	宇部市
GN1849519	津山市
GN1849563	鶴岡市
GN1849592	敦賀市
GN1849621	Tsuno-chō
GN1849661	津久見浦
GN1849675	月夜野町
GN1849740	津川町
GN1849740	Tsugawa-machi
GN1849788	燕市
GN1849796	つし
GN1849796	津
GN1849796	つ
GN1849796	ツ
GN1849796	ツシ
GN1849814	豊田市
GN1849831	豊岡市
GN1849845	豊川市
GN1849846	豊橋
GN1849876	Toyama-shi
GN1849876	富山市
GN1849876	とやまし
GN1849876	とやま
GN1849876	トヤマ
GN1849876	トヤマシ
GN1849892	鳥取市
GN1849904	鳥栖市
GN1850004	土庄町
GN1850034	富田林市
GN1850034	富田林町
GN1850091	富岡市
GN1850093	とみおか
GN1850093	トミオカ
GN1850147	東京
GN1850158	徳島市
GN1850158	とくしまし
GN1850158	とくしま
GN1850158	トクシマ
GN1850158	トクシマシ
GN1850181	所沢市
GN1850185	常滑市
GN1850207	土岐市
GN1850217	十日町市
GN1850311	栃木市
GN1850345	鳥羽市
GN1850396	天理市
GN1850498	辰野町
GN1850523	館山市
GN1850559	館林市
GN1850617	たらぎ
GN1850617	タラギ
GN1850621	太良町
GN1850621	Tara-chō
GN1850692	田無市
GN1850692	保谷市
GN1850692	西東京
GN1850693	たなしちょう
GN1850693	タナシチョウ
GN1850708	田辺市
GN1850742	玉野市
GN1850745	玉名市
GN1850745	たまな
GN1850745	タマナ
GN1850860	竹原市
GN1850892	たかやま
GN1850892	飛騨の高山
GN1850892	高山市
GN1850910	高槻市
GN1851002	高崎市
GN1851012	宝塚市
GN1851032	高岡市
GN1851079	たかもり
GN1851079	タカモリ
GN1851100	高松市
GN1851100	Takamatsu-shi
GN1851100	たかまつし
GN1851100	たかまつ
GN1851100	タカマツ
GN1851100	タカマツシ
GN1851137	高梁市
GN1851155	高浜市
GN1851170	豊後高田
GN1851170	高田
GN1851193	多治見市
GN1851259	田原市
GN1851273	田川市
GN1851319	Tachiarai-machi
GN1851348	鈴鹿市
GN1851357	須坂市
GN1851368	諏訪市
GN1851390	須崎市
GN1851462	宿毛市
GN1851483	吹田市
GN1851504	すぎと
GN1851504	スギト
GN1851617	添田町
GN1851632	修善寺町
GN1851711	しょうぶ
GN1851711	ショウブ
GN1851713	庄原市
GN1851717	しずおかし
GN1851717	静岡
GN1851717	しずおか
GN1851717	シズオカ
GN1851717	シズオカシ
GN1851813	白根市
GN1851813	Shirone-shi
GN1851883	しらおか
GN1851883	シラオカ
GN1851952	塩沢町
GN1851952	Shiozawa-machi
GN1852003	塩尻市
GN1852046	新城市
GN1852109	新宮町
GN1852237	下仁田町
GN1852314	下市町
GN1852357	下田市
GN1852472	島田市
GN1852479	島原市
GN1852481	志摩市
GN1852502	志木市
GN1852588	志布志市
GN1852595	渋川市
GN1852607	新発田市
GN1852643	摂津
GN1852663	瀬戸市
GN1852736	川内
GN1852736	薩摩川内
GN1852795	せきちょうふるまや
GN1852795	セキチョウフルマヤ
GN1852831	佐用町
GN1852849	さって
GN1852849	サッテ
GN1852890	さしき
GN1852890	サシキ
GN1852899	佐世保市
GN1852901	篠山市
GN1852915	篠栗町
GN1852964	佐野市
GN1852984	三条市
GN1853008	サンダチョウ
GN1853008	さんだちょう
GN1853066	桜井市
GN1853081	佐久市
GN1853127	Sakawa-chō
GN1853140	酒田市
GN1853163	坂城町
GN1853174	境港市
GN1853190	坂出町
GN1853195	堺市
GN1853209	坂戸市
GN1853213	Saka-chō
GN1853237	佐伯市
GN1853280	相良町
GN1853303	Saga-shi
GN1853303	佐賀市
GN1853303	さがし
GN1853303	さが
GN1853303	サガ
GN1853303	サガシ
GN1853338	鯖江市
GN1853433	おおづ
GN1853433	オオヅ
GN1853433	大津町
GN1853483	小山市
GN1853485	小山町
GN1853564	大月市
GN1853574	おおつし
GN1853574	大津
GN1853574	おおつ
GN1853574	オオツ
GN1853574	オオツシ
GN1853677	太田市
GN1853909	Ōsaka-shi
GN1853909	おおさかし
GN1853909	大阪
GN1853992	尾道市
GN1854026	小野市
GN1854037	恩納村
GN1854083	大牟田市
GN1854093	大村市
GN1854109	大森中
GN1854162	青梅市
GN1854186	大町市
GN1854189	大町町
GN1854189	Ōmachi-chō
GN1854246	おおくちしのはら
GN1854246	オオクチシノハラ
GN1854371	桶川市
GN1854376	岡崎市
GN1854383	岡山市
GN1854383	おかやまし
GN1854383	おかやま
GN1854383	オカヤマ
GN1854383	オカヤマシ
GN1854405	大川市
GN1854487	Ōita-shi
GN1854487	おおいたし
GN1854487	大分
GN1854487	おおいた
GN1854487	オオイタ
GN1854487	オオイタシ
GN1854530	おおい
GN1854530	オオイ
GN1854530	Ōi-machi
GN1854611	Oguni-machi
GN1854626	越生町　
GN1854626	Ogose-machi
GN1854648	おぎくぼ
GN1854648	オギクボ
GN1854665	おがわまち
GN1854665	オガワマチ
GN1854665	オガワ
GN1854665	おがわ
GN1854691	小鹿野町　
GN1854703	大垣市
GN1854747	小田原市
GN1854774	大田町大田
GN1854794	Ochi-chō
GN1854803	大府市
GN1854849	小浜市
GN1854902	沼津市
GN1854905	沼田市
GN1854979	野々市市
GN1855078	野田市
GN1855087	おおやのまちのぼりたて
GN1855087	オオヤノマチノボリタテ
GN1855095	延岡市
GN1855189	西尾市
GN1855203	西之表市
GN1855207	西宮市
GN1855207	西宮浜
GN1855341	西原町
GN1855341	ニシバル
GN1855395	日光市
GN1855410	新津本町
GN1855425	新居浜市
GN1855431	新潟市
GN1855431	にいがたし
GN1855431	にいがた
GN1855431	ニイガタ
GN1855431	ニイガタシ
GN1855476	日南市
GN1855580	鳴門町三ッ石
GN1855670	七尾市
GN1855694	滑川市
GN1855697	南部町
GN1855697	Nanbu-chō
GN1855753	中津川市
GN1855907	中間市
GN1856035	那覇市
GN1856035	なはし
GN1856035	なは
GN1856035	ナハ
GN1856035	ナハシ
GN1856057	Nagoya-shi
GN1856057	なごやし
GN1856057	名古屋
GN1856068	名護市
GN1856120	ながす
GN1856120	ナガス
GN1856120	長洲町
GN1856177	長崎市
GN1856177	Nagasaki-shi
GN1856177	ながさきし
GN1856177	ながさき
GN1856177	ナガサキ
GN1856177	ナガサキシ
GN1856184	流山市
GN1856199	長岡市
GN1856212	長野原町
GN1856215	長野市
GN1856215	ながのし
GN1856215	ながの
GN1856215	ナガノ
GN1856215	ナガノシ
GN1856243	長浜市
GN1856293	名張市
GN1856367	武蔵野市
GN1856392	室戸岬町
GN1856426	村松町
GN1856426	Muramatsu-machi
GN1856434	村上市
GN1856584	守口市
GN1856586	森町
GN1856667	瑞浪市
GN1856698	三次市
GN1856703	宮津市
GN1856717	Miyazaki-shi
GN1856717	宮崎市
GN1856717	みやざきし
GN1856717	みやざき
GN1856717	ミヤザキ
GN1856717	ミヤザキシ
GN1856755	みやはら
GN1856755	ミヤハラ
GN1856775	都城市
GN1856828	宮田町
GN1856828	Miyata-machi
GN1856938	Mitake-chō
GN1856938	御嵩町
GN1856977	三島市
GN1857046	箕面
GN1857117	皆野町　
GN1857117	Minano-machi
GN1857201	みなみあおやま
GN1857201	ミナミアオヤマ
GN1857208	水俣市
GN1857276	三木市
GN1857334	三原市
GN1857343	御船町
GN1857403	妻沼町
GN1857451	松崎町
GN1857519	松本市
GN1857550	松江市
GN1857550	まつえし
GN1857550	まつえ
GN1857550	マツエ
GN1857550	マツエシ
GN1857553	松戸市
GN1857560	まつばせ
GN1857560	マツバセ
GN1857594	益田市
GN1857651	Maruoka-chō
GN1857665	丸亀市
GN1857692	真鶴町
GN1857692	Manazuru-machi
GN1857766	舞鶴市
GN1857769	米原市
GN1857775	西馬込
GN1857843	まえばしし
GN1857843	前橋
GN1857843	まえばし
GN1857843	マエバシ
GN1857843	マエバシシ
GN1857871	町田市
GN1857910	Kyōto-shi
GN1857910	きょうとし
GN1857910	京都
GN1857910	キョウト
GN1858033	Kushimoto-chō
GN1858066	草津町
GN1858066	Kusatsu-machi
GN1858088	久留米市
GN1858283	Kurihashi-machi
GN1858286	くりはま
GN1858286	クリハマ
GN1858296	呉市
GN1858301	倉吉市
GN1858311	倉敷市
GN1858421	熊本市
GN1858421	Kumamoto-shi
GN1858421	くまもとし
GN1858428	熊谷市
GN1858445	久喜中央
GN1858445	くきちゅうおう
GN1858445	クキチュウオウ
GN1858591	こざかいちょう
GN1858667	琴平町
GN1858667	Kotohira-chō
GN1858729	越谷市
GN1858794	こうのす
GN1858794	コウノス
GN1858809	このは
GN1858809	コノハ
GN1858858	小諸市
GN1858902	小松島町
GN1858910	小松市
GN1858926	小牧市
GN1858928	こまごめ
GN1858928	コマゴメ
GN1858964	国分寺市
GN1858972	国分松木
GN1859093	古河市
GN1859100	甲府市
GN1859100	こうふし
GN1859100	こうふ
GN1859100	コウフ
GN1859100	コウフシ
GN1859143	河津町
GN1859146	Kōchi-shi
GN1859146	高知市
GN1859146	こうちし
GN1859146	こうち
GN1859146	コウチ
GN1859146	コウチシ
GN1859171	こうべし
GN1859171	神戸
GN1859210	清須市
GN1859307	北九州市
GN1859307	Kitakyūshū
GN1859319	喜多方市
GN1859355	北方町
GN1859383	岸和田市
GN1859393	木更津市
GN1859393	きさらづ
GN1859393	キサラヅ
GN1859400	Kisai-machi
GN1859405	桐生市
GN1859462	金武町
GN1859492	菊池市
GN1859521	吉祥寺本町
GN1859521	きちじょうじほんちょう
GN1859521	キチジョウジホンチョウ
GN1859586	加須市
GN1859642	川崎市
GN1859647	川崎町
GN1859661	香春町
GN1859675	川西市
GN1859730	川口市
GN1859730	かわぐち
GN1859730	カワグチ
GN1859740	川越市
GN1859765	勝山市
GN1859884	かすかべ
GN1859884	カスカベ
GN1859884	春日部
GN1859891	春日井市
GN1859908	柏崎市
GN1859924	柏市
GN1859941	鹿島市
GN1859951	橿原
GN1860034	刈谷市
GN1860063	唐津市
GN1860098	鹿沼市
GN1860112	鹿屋市
GN1860243	金沢市
GN1860243	かなざわし
GN1860243	かなざわ
GN1860243	カナザワ
GN1860243	カナザワシ
GN1860256	金谷町
GN1860321	かもじまちょうじょうげじま
GN1860321	カモジマチョウジョウゲジマ
GN1860437	かみれんじゃく
GN1860437	カミレンジャク
GN1860563	Kamiichi-machi
GN1860588	上郡町
GN1860635	亀岡市
GN1860653	蒲原町
GN1860672	鎌倉市
GN1860704	加古川町本町
GN1860728	掛川市
GN1860735	各務原市
GN1860748	鹿嶋市
GN1860748	鹿島市
GN1860748	鹿島
GN1860750	Kajiki-chō
GN1860751	(鰍沢町
GN1860765	貝塚市
GN1860785	海南市
GN1860827	鹿児島市
GN1860827	かごしまし
GN1860827	かごしま
GN1860827	カゴシマ
GN1860827	カゴシマシ
GN1860871	門真市
GN1860878	かでな
GN1860878	嘉手納町
GN1861084	出雲市
GN1861164	いわつき
GN1861164	イワツキ
GN1861171	磐田市
GN1861174	いわした
GN1861174	イワシタ
GN1861174	甲佐町
GN1861212	岩国市
GN1861280	いとまん
GN1861285	糸魚川市
GN1861290	伊東市
GN1861310	伊丹市
GN1861321	いたばし
GN1861321	イタバシ
GN1861341	いそご
GN1861341	イソゴ
GN1861393	石川市
GN1861400	石井町
GN1861406	Ishige-machi
GN1861416	いしがき
GN1861416	石垣市
GN1861436	伊勢崎
GN1861450	伊勢市
GN1861464	諌早市
GN1861464	諌早
GN1861528	犬山市
GN1861602	稲沢市
GN1861630	印南町
GN1861641	伊那市
GN1861749	生駒市
GN1861793	池田町
GN1861795	池田
GN1861835	飯塚市
GN1861852	飯島町
GN1861852	Iijima-machi
GN1861864	飯田市
GN1861949	一宮市
GN1862010	指宿市
GN1862033	茨木
GN1862033	茨城市
GN1862034	井原市
GN1862136	斑鳩町
GN1862136	Ikaruga-chō
GN1862198	本庄市
GN1862230	ほんどまちほんど
GN1862230	ホンドマチホンド
GN1862352	人吉市
GN1862373	日田市
GN1862415	広島市
GN1862415	Hiroshima-shi
GN1862415	ひろしまし
GN1862415	ひろしま
GN1862415	ヒロシマ
GN1862415	ヒロシマシ
GN1862462	平塚市
GN1862505	ひらら
GN1862505	平良市
GN1862540	枚方
GN1862555	平戸市
GN1862599	日野市
GN1862627	姫路市
GN1862636	彦根市
GN1862689	日出町
GN1862752	東大阪市
GN1862755	おおくぼ
GN1862755	オオクボ
GN1862912	碧南市
GN1862971	早島町
GN1862992	はやま
GN1862992	ハヤマ
GN1863018	廿日市市
GN1863023	はとがやほんちょう
GN1863023	ハトガヤホンチョウ
GN1863082	橋本市
GN1863173	羽生市
GN1863183	飯能市
GN1863209	半田市
GN1863289	浜松市
GN1863310	浜田市
GN1863357	箱根町
GN1863418	萩市
GN1863431	秦野市
GN1863440	八王子市
GN1863451	近江八幡
GN1863482	行田市
GN1863495	具志川市
GN1863521	江津町
GN1863531	東五反田
GN1863541	御所市
GN1863592	五條市
GN1863614	御坊市
GN1863625	宜野座村
GN1863627	宜野湾市
GN1863627	ぎのわん
GN1863693	蒲郡市
GN1863713	富津市
GN1863713	ふっつ
GN1863713	フッツ
GN1863824	Hida-shi
GN1863824	飛騨市
GN1863905	船橋市
GN1863905	船橋
GN1863917	福山市
GN1863945	袋井市
GN1863967	Fukuoka-shi
GN1863967	ふくおかし
GN1863967	福岡
GN1863967	ふくおか
GN1863967	フクオカ
GN1863967	フクオカシ
GN1863985	ふくいし
GN1863985	福井
GN1863997	フクエチョウ
GN1863997	ふくえちょう
GN1864009	福知山市
GN1864025	吹上富士見
GN1864092	藤沢市
GN1864098	Fujioka-machi
GN1864099	藤岡市
GN1864105	富士宮市
GN1864132	藤枝市
GN1864134	富士市
GN1864155	府中町
GN1864180	Enzan-shi
GN1864231	えごた
GN1864231	エゴタ
GN1864416	だいとうし
GN1864523	Chizu-chō
GN1864549	知立市
GN1864557	茅野市
GN1864565	知名町
GN1864565	China-chō
GN1864572	筑紫野
GN1864624	茅ヶ崎市
GN1864624	茅ケ崎
GN1864637	秩父市
GN1864655	与論町
GN1864750	別府市
GN1864873	綾部市
GN1864894	あわら市
GN1864945	熱海市
GN1864967	明日香村
GN1864985	芦屋市
GN1864986	芦屋町
GN1865005	足利市
GN1865047	浅草区
GN1865047	あさくさ
GN1865090	阿佐谷南
GN1865090	あさがやみなみ
GN1865090	アサガヤミナミ
GN1865103	Arita-chō
GN1865290	安中市
GN1865294	安城
GN1865309	阿南市
GN1865375	甘木市
GN1865376	Amagi-chō
GN1865387	尼崎市
GN1865449	安芸市
GN1865522	あかさか
GN1865522	アカサカ
GN1865601	あかばね
GN1865601	アカバネ
GN1865661	相生市
GN1865661	あいおいし
GN1865714	上尾市
GN1865714	上尾下
GN1865714	あげおしも
GN1865714	アゲオシモ
GN1894616	沖縄市
GN1895636	Ōsaki-chō
GN1895695	串間市
GN1896348	光市
GN1899102	長門市
GN1907123	蓮田市
GN1907123	はすだ
GN1907123	ハスダ
GN1907125	かみふくおか
GN1907125	カミフクオカ
GN1907125	上福岡市
GN1907146	狭山市
GN1907148	福生市
GN1907299	朝霞市
GN1907301	しもとだ
GN1907301	シモトダ
GN1907307	君津市
GN1907307	きみつ
GN1907307	キミツ
GN1907309	三浦市
GN1926004	和歌山市
GN1926004	わかやまし
GN1926004	わかやま
GN1926004	ワカヤマ
GN1926004	ワカヤマシ
GN1926006	伊予市
GN1926020	宇和島市
GN1926054	西条市
GN1926055	大洲市
GN1926099	Matsuyama-shi
GN1926099	まつやまし
GN1926099	松山市
GN1926105	Kuma-chō
GN1926142	Hōjō-shi
GN2033196	張家口市
GN2033370	営口市
GN2035265	チチハル市
GN2035715	牡丹江市
GN2035836	満州里市
GN2036389	鶏西市
GN2036502	吉林市
GN2036581	ジャムス市
GN2036892	フフホト市
GN2036973	黒河市
GN2037013	ハルビン市
GN2037391	豊鎮市
GN2038300	本渓市
GN2038800	ふかうら
GN2038800	フカウラ
GN2038800	深浦町
GN2110460	湯沢市
GN2110480	四街道市
GN2110498	米沢市
GN2110506	横手町
GN2110509	横芝町
GN2110541	やもと
GN2110541	ヤモト
GN2110556	山形市
GN2110556	やまがたし
GN2110556	やまがた
GN2110556	ヤマガタ
GN2110556	ヤマガタシ
GN2110560	山田町
GN2110579	八街市
GN2110583	矢吹町
GN2110596	涌谷町
GN2110629	牛久市
GN2110681	筑波
GN2110681	つくば
GN2110729	取手市
GN2110735	遠野市
GN2110774	東金市
GN2110837	棚倉町
GN2110837	Tanagura-machi
GN2110850	多古町
GN2110891	高畠町
GN2110893	高萩市
GN2110959	須賀川市
GN2110999	南三陸町
GN2111018	白井市
GN2111049	塩竃
GN2111105	しんまち
GN2111105	シンマチ
GN2111105	御宿町
GN2111115	色麻町
GN2111149	仙台市
GN2111149	せんだいし
GN2111149	せんだい
GN2111149	センダイ
GN2111149	センダイシ
GN2111220	佐倉市
GN2111248	寒河江市
GN2111258	龍ケ崎市
GN2111277	利府町
GN2111325	大田原市
GN2111332	大多喜町
GN2111332	おおたき
GN2111332	オオタキ
GN2111401	おながわちょう
GN2111401	オナガワチョウ
GN2111435	大曲市
GN2111471	大石田町
GN2111495	おおはら
GN2111495	オオハラ
GN2111514	小川町
GN2111530	大船渡市
GN2111559	尾花沢市
GN2111684	成田市
GN2111781	長井市
GN2111824	本宮市
GN2111831	守谷市
GN2111834	盛岡市
GN2111834	もりおかし
GN2111834	もりおか
GN2111834	モリオカ
GN2111834	モリオカシ
GN2111836	真岡市
GN2111855	茂原市
GN2111855	もばら
GN2111855	モバラ
GN2111884	宮古市
GN2111901	水戸市
GN2111901	みとし
GN2111901	みと
GN2111901	ミト
GN2111901	ミトシ
GN2111964	まつしま
GN2111964	マツシマ
GN2112077	Kuroiso-shi
GN2112141	郡山市
GN2112227	北上市
GN2112232	北茨城市
GN2112309	勝浦市
GN2112309	かつうら
GN2112309	カツウラ
GN2112319	香取
GN2112343	笠間市
GN2112367	金山町
GN2112409	上山市
GN2112444	釜石市
GN2112454	Kakunodate-machi
GN2112455	角田市
GN2112539	いわき市
GN2112555	潮来市
GN2112571	石岡
GN2112576	石巻市
GN2112656	一関市
GN2112658	いちのみや
GN2112658	イチノミヤ
GN2112664	市原市
GN2112688	鉾田市
GN2112692	Hobara-machi
GN2112708	日立市
GN2112758	東根市
GN2112818	塙町
GN2112823	花巻市
GN2112903	船引町船引
GN2112917	Funagata-machi
GN2112923	福島市
GN2112923	ふくしまし
GN2112923	ふくしま
GN2112923	フクシマ
GN2112923	フクシマシ
GN2112959	ひがしえみ
GN2112959	ヒガシエミ
GN2112996	銚子市
GN2113001	ちょうなん
GN2113001	チョウナン
GN2113015	ちばし
GN2113015	千葉
GN2113015	ちば
GN2113015	チバ
GN2113015	チバシ
GN2113068	浅川町
GN2113077	旭市
GN2113126	秋田市
GN2113126	Akita-shi
GN2113164	我孫子市
GN2114107	大衡村
GN2114134	Yamanobe-machi
GN2127383	もとまち
GN2127383	モトマチ
GN2127419	夕張市
GN2127515	稚内市
GN2127545	歌志内市
GN2127588	ほんちょう
GN2127588	ホンチョウ
GN2127635	ほんちょう
GN2127635	ホンチョウ
GN2127635	津別町
GN2127733	苫小牧市
GN2127822	てしかが
GN2127822	テシカガ
GN2127822	弟子屈町
GN2127822	Teshikaga-chō
GN2127878	むつ市
GN2127910	鷹巣町
GN2127910	Takanosu-machi
GN2127955	砂川市
GN2128159	Shimizu-chō
GN2128186	しほろ
GN2128186	シホロ
GN2128186	士幌町
GN2128194	七戸町
GN2128205	南士別町
GN2128205	みなみしべつちょう
GN2128205	ミナミシベツチョウ
GN2128206	Shibe’tsu
GN2128207	しべちゃ
GN2128207	シベチャ
GN2128207	標茶町
GN2128215	本町
GN2128215	ほんまち
GN2128215	ホンマチ
GN2128279	さるべつ
GN2128279	サルベツ
GN2128295	Sapporo-shi
GN2128295	さっぽろし
GN2128295	札幌
GN2128295	さっぽろ
GN2128295	サッポロ
GN2128295	サッポロシ
GN2128382	留萌市
GN2128430	羅臼町
GN2128536	おおわに
GN2128536	オオワニ
GN2128536	大鰐町
GN2128574	小樽市
GN2128605	長万部町
GN2128605	Oshamambe-chō
GN2128693	おおま
GN2128693	オオマ
GN2128693	大間町
GN2128787	おおだて
GN2128787	オオダテ
GN2128787	大館市
GN2128815	帯広市
GN2128867	Noshiro-shi
GN2128867	能代
GN2128894	登別市
GN2128896	Noheji-machi
GN2128975	根室市
GN2128983	名寄市
GN2129003	ほんちょう
GN2129003	ホンチョウ
GN2129005	なみおか
GN2129005	ナミオカ
GN2129005	浪岡町
GN2129034	Nakashibetsu-chō
GN2129034	中標津町
GN2129038	なかさと
GN2129038	ナカサト
GN2129038	中里町
GN2129101	室蘭市
GN2129211	みさわ
GN2129211	ミサワ
GN2129211	三沢市
GN2129218	余市町
GN2129245	三笠市
GN2129282	Matsumae-chō
GN2129282	松前町
GN2129376	釧路市
GN2129395	くろいし
GN2129395	クロイシ
GN2129395	黒石市
GN2129447	こしみず
GN2129447	コシミズ
GN2129447	小清水町
GN2129513	しもきづくり
GN2129513	シモキヅクリ
GN2129513	木造町
GN2129537	北見市
GN2129646	かるまい
GN2129646	カルマイ
GN2129646	軽米町
GN2129701	かみゆうべつとんでんしがいち
GN2129701	カミユウベツトンデンシガイチ
GN2129741	かみのくに
GN2129741	カミノクニ
GN2129766	Kamiiso-chō
GN2129870	いわみざわ
GN2129870	イワミザワ
GN2129870	ｲﾜﾐｻﾞﾜ
GN2129870	岩見沢市
GN2129884	いたやなぎ
GN2129884	イタヤナギ
GN2129884	板柳町
GN2129884	Itayanagi-machi
GN2129909	石狩市
GN2129961	いちのへ
GN2129961	イチノヘ
GN2129961	一戸町
GN2130031	かみほんべつ
GN2130031	カミホンベツ
GN2130050	ひとかわめ
GN2130050	ヒトカワメ
GN2130054	北広島市
GN2130057	弘前
GN2130061	ひろお
GN2130061	ヒロオ
GN2130061	広尾町
GN2130146	鹿角市
GN2130166	はまなかさくらみなみ
GN2130166	ハマナカサクラミナミ
GN2130188	函館市
GN2130306	富良野市
GN2130332	深川市
GN2130337	ふじさき
GN2130337	フジサキ
GN2130337	藤崎町
GN2130387	むかいえんがる
GN2130387	ムカイエンガル
GN2130404	江別市
GN2130421	伊達市
GN2130452	千歳市
GN2130534	美唄市
GN2130612	芦別市
GN2130629	旭川市
GN2130658	あおもりし
GN2130658	アオモリシ
GN2130658	青森
GN2130658	あおもり
GN2130658	アオモリ
GN2130677	厚岸町
GN2130705	赤平市
GN2130732	安平町
GN2130741	網走市
GN2131612	五所川原市
GN2510911	セビリア
GN2516548	ウエルバ
GN2517117	グレナダ
GN2636432	スウæォンジ
GN2755251	フローニンゲン市
GN2759794	Amusuterudamu
GN2804008	ツィッタウの
GN2844265	ロート
GN2875376	ルートヴィッヒスハーフェン
GN2884509	クレーフェルト
GN2980291	サン＝テティエンヌ
GN2983154	ロデーズ
GN3018074	フォンテーヌブロー
GN3117735	マドリード市
GN3118514	リェイダ
GN3164603	ヴェネツィア
GN3164603	ヴェニス
GN3169984	ポッツオーリ
GN3183299	アレッサンドリア県
GN4049979	バーミングハム
GN4257227	エヴァンズヴィル
GN4845193	ウォーターバリー
GN5128581	マンハッタン
GN5224151	プロヴィデンス
GN5327684	バークレー
GN5725846	ユージーン
GN5811696	スポケーン
GN5911606	バーナビー市
GN6169141	トロワリヴィエール
GN6173331	バンクーバー市
GN6174041	ヴィクトリア
GN6182962	ウィンザー
GN6324583	阿蘇市
GN6691616	Kihoku-chō
GN6694821	南砺市
GN6697563	寝屋川
GN6822096	ひたちなか
GN6822097	筑西市
GN6822098	かすみがうら市
GN6822100	つくばみらい市
GN6822101	小美玉市
GN6822103	神栖市
GN6822104	行方市
GN6822105	桜川市
GN6822108	稲敷
GN6822112	千曲市
GN6822114	南足柄市
GN6822116	高島市
GN6822117	甲賀市
GN6822119	葛城市
GN6822120	香芝市
GN6822122	大宇陀山口
GN6822123	南砺市
GN6822125	いみずちょう
GN6822125	射水
GN6822126	黒部新
GN6822128	海老名市
GN6822129	多摩市
GN6822130	武蔵村山市
GN6822132	昭島市
GN6822136	東大和市
GN6822136	東村山
GN6822137	三郷市
GN6822138	にいざ
GN6822138	ニイザ
GN6822138	新座市
GN6822140	かほく市
GN6822142	珠洲市
GN6822143	能美町
GN6822144	松浦市
GN6822146	大野城
GN6822147	春日市
GN6822153	うるま市
GN6822154	Jōsō
GN6822154	常総市
GN6822155	みどり市
GN6822158	宮古島市
GN6822161	日高市
GN6822163	入間
GN6822164	きたもと
GN6822164	キタモト
GN6822167	匝瑳市
GN6822168	山武市
GN6822170	田村市
GN6822171	紀の川市
GN6822172	熊野市
GN6822173	いなべ市
GN6822174	那須塩原市
GN6822175	下野市
GN6822176	那須烏山市
GN6822178	駒ヶ根市
GN6822179	印西市
GN6822180	いすみ市
GN6822182	八千代市
GN6822184	Ōshū
GN6822184	奥州市
GN6822184	奥州
GN6822186	八幡平市
GN6822188	大崎市
GN6822189	ひがしまつしま
GN6822189	ヒガシマツシマ
GN6822192	伊豆市
GN6822195	裾野市
GN6822195	すそのし
GN6822196	御前崎市
GN6822198	にかほ市
GN6822199	大仙市
GN6822201	男鹿市
GN6822202	由利本荘市
GN6822205	つがる市
GN6822206	平川市
GN6822207	十和田市
GN6822209	日進市
GN6822210	豊明市
GN6822211	知多市
GN6822211	ちたし
GN6822212	愛西市
GN6822212	あいさいし
GN6822213	山県市
GN6822214	羽島市
GN6822216	可児市
GN6822217	美濃加茂市
GN6822218	本巣市
GN6822219	郡上市
GN6822220	恵那市
GN6825489	上越
GN6825491	Myōkō
GN6825494	魚沼市
GN6825496	はびきの
GN6825496	羽曳野市
GN6825499	大阪狭山
GN6825501	四条畷
GN6862586	北斗市
GN7279570	東村山
GN7281936	ウエストケロウナ
GN7422816	太宰府市
GN7422816	だざいふしやくしょ
GN7424125	天草市役所
GN7424125	あまくさしやくしょ
GN745026	ニカイア
GN745044	ビュザンティオン
GN7451505	あいづみさとまち
GN8183916	さとはた
GN8183916	サトハタ
GN8312044	しばやま
GN8312044	シバヤマ
GN8312260	はくろうまち
GN8312260	ハクロウマチ
GN8313520	なかみ
GN8313520	ナカミ
GN8395439	とよた
GN8395439	トヨタ
GN8469284	葛飾
GN8469285	北
GN8476318	つるた
GN8476318	ツルタ
GN8476318	鶴田町
GN8476318	Tsuruta-machi
GN8512140	いなかだて
GN8512140	イナカダテ
GN8512140	Inakadate-mura
GN8527821	みなみだ
GN8527821	ミナミダ
GN8537264	黄岡市
GN8561397	ななく
GN8561397	ナナク
GN8570265	しんでん
GN8570265	シンデン
GN8571652	ふゆぎ
GN8571652	フユギ
GN8572291	さしおうぎ
GN8572291	サシオウギ
GN8572754	ぬくい
GN8572754	ヌクイ
GN8572758	ひがしふしみ
GN8572758	ヒガシフシミ
GN8572855	さかい
GN8572855	サカイ
GN8572879	おおいずみがくえんちょう
GN8572879	オオイズミガクエンチョウ
GN8572880	おおいずみまち
GN8572880	オオイズミマチ
GN8572883	ひかりがおか
GN8572883	ヒカリガオカ
GN8572884	へいわだい
GN8572884	ヘイワダイ
GN8572885	ひかわだい
GN8572885	ヒカワダイ
GN8572886	さくらだい
GN8572886	サクラダイ
GN8572938	せきまちみなみ
GN8572938	セキマチミナミ
GN8572942	ふなど
GN8572942	フナド
GN8572943	しむら
GN8572943	シムラ
GN8572948	あかつか
GN8572948	アカツカ
GN8572949	なります
GN8572949	ナリマス
GN8572984	たかしまだいら
GN8572984	タカシマダイラ
GN8572985	はすね
GN8572985	ハスネ
GN8572992	うきま
GN8572992	ウキマ
GN8572994	としま
GN8572994	トシマ
GN8573184	ながさき
GN8573184	ナガサキ
GN8573188	すがも
GN8573188	スガモ
GN8573477	よつや
GN8573477	ヨツヤ
GN8573477	四ツ谷
GN8573523	さぎのみや
GN8573523	サギノミヤ
GN8573526	ぬまぶくろ
GN8573526	ヌマブクロ
GN8573531	ささづか
GN8573531	ササヅカ
GN8573533	はつだい
GN8573533	ハツダイ
GN8573577	かみいぐさ
GN8573577	カミイグサ
GN8573717	しもいぐさ
GN8573717	シモイグサ
GN8573723	えいふく
GN8573723	エイフク
GN8601397	伊仙町
GN8601397	Isen-chō
GN8604581	Misasa-chō
GN8604660	Oshino-mura
GN8715035	なかの
GN8715035	ナカノ
GN8715035	中野区
GN8992027	泉崎村
GN9183312	ひろばば
GN9183312	ヒロババ
GN9287951	太子町
GN9633110	上牧町
GN9636928	井手町
GR	ギリシャ共和国
ID	インドネシア共和国
ID-AC	アチェ州
ID-BA	バリ島
ID-BE	ベンクル州
ID-BT	バンテン州
ID-GO	ゴロンタロ州
ID-JA	ジャンビ州
ID-LA	ランプン州
ID-ML	マルク州
ID-PP	パプア州
ID-RI	リアウ州
ID-YO	ジョグジャカルタ州
IE-L	レンスター
IE-M	マンスター
IE-U	アルスター
IN-AP	アーンドラ・プラデーシュ州
IN-AR	アルナーチャル・プラデーシュ州
IN-AS	アッサム州
IN-BR	ビハール州
IN-CG	チャッティースガル州
IN-GA	ゴア州
IN-GJ	グジャラート州
IN-HP	ヒマーチャル・プラデーシュ州
IN-HR	ハリヤーナー州
IN-JH	ジャールカンド州
IN-JK	ジャンムー・カシミール州
IN-KA	カルナータカ州
IN-KL	ケーララ州
IN-LA	ラダック
IN-LD	ラッカディブ
IN-MH	マハーラーシュトラ州
IN-ML	メーガーラヤ州
IN-MN	マニプル州
IN-MP	マディヤ・プラデーシュ州
IN-MZ	ミゾラム州
IN-NL	ナガランド州
IN-OD	オディシャ州
IN-PB	パンジャーブ州
IN-PY	ポンディシェリ連邦直轄領
IN-RJ	ラージャスターン州
IN-SK	シッキム州
IN-TN	タミル・ナードゥ州
IN-TR	トリプラ州
IN-TS	テランガーナ州
IN-UK	ウッタラーカンド州
IN-UP	ウッタル・プラデーシュ州
IN-WB	西ベンガル州
IT	イタリア共和国
IT-32	ボルツァーノ自治県
IT-34	ヴェネト州
IT-42	リグーリア州
IT-55	ウンブリア州
IT-62	ラツィオ州
IT-65	アブルッツォ州
IT-67	モリーゼ州
IT-72	カンパニア州
IT-78	カラブリア州
JP-01	ほっかいどう
JP-01	ホッカイドウ
JP-01	Hokkaidō
JP-01	北海
JP-02	青森県
JP-02	あおもりけん
JP-02	アオモリケン
JP-03	岩手県
JP-03	いわてけん
JP-03	いわて
JP-03	イワテ
JP-03	イワテケン
JP-04	宮城県
JP-04	みやぎけん
JP-04	ミヤギケン
JP-05	秋田県
JP-05	あきたけん
JP-05	あきた
JP-05	アキタ
JP-05	アキタケン
JP-06	山形県
JP-06	やまがたけん
JP-07	福島県
JP-07	ふくしまけん
JP-08	茨城県
JP-08	いばらきけん
JP-08	いばらき
JP-08	イバラキ
JP-08	イバラキケン
JP-09	栃木県
JP-09	とちぎけん
JP-09	とちぎ
JP-09	トチギ
JP-09	トチギケン
JP-10	群馬県
JP-10	ぐんまけん
JP-11	埼玉県
JP-12	千葉県
JP-13	東京都
JP-13	とうきょうと
JP-14	神奈川県
JP-14	かながわけん
JP-14	かながわ
JP-14	カナガワ
JP-14	カナガワケン
JP-15	新潟県
JP-15	にいがたけん
JP-16	富山県
JP-16	とやまけん
JP-17	石川県
JP-17	いしかわけん
JP-18	福井県
JP-18	ふくいけん
JP-18	ふくい
JP-18	フクイ
JP-18	フクイケン
JP-19	山梨県
JP-19	やまなしけん
JP-19	やまなし
JP-19	ヤマナシ
JP-19	ヤマナシケン
JP-20	長野県
JP-20	ながのけん
JP-21	岐阜県
JP-21	ぎふけん
JP-21	ぎふ
JP-21	ギフ
JP-21	ギフケン
JP-22	静岡県
JP-22	しずおかけん
JP-22	しずおか
JP-22	シズオカ
JP-22	シズオカケン
JP-23	愛知県
JP-23	あいちけん
JP-24	三重県
JP-24	みえけん
JP-25	滋賀県
JP-25	しがけん
JP-25	しが
JP-25	シガ
JP-25	シガケン
JP-26	京都府
JP-26	きょうとふ
JP-26	Kyōto-fu
JP-26	きょうと
JP-26	キョウト
JP-26	キョウトフ
JP-27	大阪府
JP-27	おおさかふ
JP-28	兵庫県
JP-28	ひょうごけん
JP-28	ひょうご
JP-28	ヒョウゴ
JP-28	ヒョウゴケン
JP-29	奈良県
JP-29	ならけん
JP-30	和歌山県
JP-30	わかやまけん
JP-30	わかやま
JP-30	ワカヤマ
JP-30	ワカヤマケン
JP-31	鳥取県
JP-31	とっとりけん
JP-31	とっとり
JP-31	トットリ
JP-31	トットリケン
JP-32	島根県
JP-32	しまねけん
JP-32	シマネケン
JP-33	岡山県
JP-33	おかやまけん
JP-34	広島県
JP-34	ひろしまけん
JP-35	山口県
JP-35	やまぐちけん
JP-35	やまぐち
JP-35	ヤマグチ
JP-35	ヤマグチケン
JP-36	徳島県
JP-36	とくしまけん
JP-37	香川県
JP-37	かがわけん
JP-38	愛媛県
JP-38	えひめけん
JP-38	えひめ
JP-38	エヒメ
JP-38	エヒメケン
JP-39	高知県
JP-39	こうちけん
JP-39	Kōchi Ken
JP-39	こうち
JP-39	コウチ
JP-39	コウチケン
JP-40	福岡県
JP-40	ふくおかけん
JP-40	Fukuoka Ken
JP-41	佐賀県
JP-41	さがけん
JP-42	長崎県
JP-42	ながさきけん
JP-42	Nagasaki Ken
JP-42	ながさき
JP-42	ナガサキ
JP-42	ナガサキケン
JP-43	熊本県
JP-43	くまもとけん
JP-43	くまもと
JP-43	クマモト
JP-43	クマモトケン
JP-44	大分県
JP-44	おおいたけん
JP-44	Ōita-ken
JP-45	宮崎県
JP-45	みやざきけん
JP-45	みやざき
JP-45	ミヤザキ
JP-45	ミヤザキケン
JP-46	鹿児島県
JP-46	かごしまけん
JP-47	沖縄県
JP-47	おきなわけん
JP-47	おきなわ
JP-47	オキナワ
JP-47	オキナワケン
KR	大韓民国
KR	韓国
KR-41	京畿道
KR-41	京畿
KR-44	忠清南道
KR-45	全羅北道
KR-46	全羅南道
KR-47	慶尚北道
KR-48	慶尚南道
MX	メキシコ合衆国
MX-AGU	アグアスカリエンテス州
MX-BCN	バハ・カリフォルニア州
MX-BCS	バハ・カリフォルニア・スル州
MX-CAM	カンペチェ州
MX-CHH	チワワ州
MX-CHP	チアパス州
MX-COL	コリマ州
MX-DUR	ドゥランゴ州
MX-GRO	ゲレーロ州
MX-GUA	グアナフアト州
MX-HID	イダルゴ州
MX-JAL	ハリスコ州
MX-MEX	メヒコ州
MX-MOR	モレロス州
MX-NAY	ナヤリット州
MX-NLE	ヌエボ・レオン州
MX-OAX	オアハカ州
MX-PUE	プエブラ州
MX-QUE	ケレタロ州
MX-ROO	キンタナ・ロー州
MX-SIN	シナロア州
MX-SLP	サン・ルイス・ポトシ州
MX-SON	ソノラ州
MX-TAB	タバスコ州
MX-TAM	タマウリパス州
MX-TLA	トラスカラ州
MX-YUC	ユカタン州
MX-ZAC	サカテカス州
MY-01	ジョホール州
MY-02	ケダ州
MY-03	クランタン州
MY-05	ヌグリ・スンビラン州
MY-06	パハン州
MY-08	ペラ州
MY-09	プルリス州
MY-10	セランゴール州
MY-11	トレンガヌ州
MY-12	サバ州
MY-13	サラワク州
NL	オランダ王国
NL-DR	ドレンテ州
NL-FL	フレヴォラント州
NL-GE	ヘルダーラント州
NL-GR	フローニンゲン州
NL-LI	リンブルフ州
NL-OV	オーファーアイセル州
NL-UT	ユトレヒト州
NL-ZE	ゼーラント州
NZ-AUK	オークランド地方
NZ-CAN	カンタベリー地方
NZ-GIS	ギズボーン地方
NZ-MBH	マールボロ地方
NZ-NTL	ノースランド地方
NZ-OTA	オタゴ地方
NZ-STL	サウスランド地方
NZ-WTC	ウェスト・コースト地方
PH	フィリピン共和国
PH-00	メトロ・マニラ
PT	ポルトガル共和国
PT-02	ベージャ県
PT-03	ブラガ県
PT-04	ブラガンサ県
PT-05	カステロ・ブランコ県
PT-06	コインブラ県
PT-07	エヴォラ県
PT-08	ファーロ県
PT-09	グアルダ県
PT-10	レイリア県
PT-12	ポルタレグレ県
PT-13	ポルト県
PT-14	サンタレン県
PT-15	セトゥーバル県
PT-16	ヴィアナ・ド・カステロ県
PT-17	ヴィラ・レアル県
PT-18	ヴィゼウ県
RU	ロシア
TH	タイ王国
TH-11	サムットプラカーン県
TH-12	ノンタブリ県
TH-13	パトゥムターニー県
TH-14	アユタヤ県
TH-15	アングトーン
TH-16	ロッブリー県
TH-17	シンブリー県
TH-18	チャイナート県
TH-19	サラブリー県
TH-20	チョンブリー県
TH-21	ラヨーン県
TH-22	チャンタブリー県
TH-23	トラート県
TH-24	チャチューンサオ県
TH-25	プラーチーンブリー県
TH-26	ナコーンナーヨック県
TH-27	サケーオ県
TH-30	ナコーンラーチャシーマー県
TH-31	ブリーラム県
TH-32	スリン県
TH-33	シーサケート県
TH-34	ウボンラーチャターニー県
TH-35	ヤソートーン県
TH-36	チャイヤプーム県
TH-37	アムナートチャルーン県
TH-38	ブンカーン県
TH-39	ノーンブワラムプー県
TH-40	コーンケン県
TH-41	ウドーンターニー県
TH-42	ルーイ県
TH-43	ノーンカーイ県
TH-44	マハーサーラカーム県
TH-45	ローイエット県
TH-46	カーラシン県
TH-47	サコンナコーン県
TH-48	ナコーンパノム県
TH-49	ムックダーハーン県
TH-50	チエンマイ県
TH-51	ラムプーン県
TH-52	ラムパーン県
TH-53	ウッタラディット県
TH-54	プレー県
TH-55	ナーン県
TH-56	パヤオ県
TH-57	チエンラーイ県
TH-58	メーホンソーン県
TH-60	ナコーンサワン県
TH-61	ウタイターニー県
TH-62	カムペーンペット県
TH-63	ターク県
TH-64	スコータイ県
TH-65	ピッサヌローク県
TH-66	ピチット県
TH-67	ペッチャブーン県
TH-70	ラーチャブリー県
TH-71	カーンチャナブリー県
TH-72	スパンブリー県
TH-73	ナコーンパトム県
TH-74	サムットサーコーン県
TH-75	サムットソンクラーム県
TH-76	ペッチャブリー県
TH-77	プラチュワップキーリーカン県
TH-80	ナコーンシータンマラート県
TH-81	クラビー県
TH-82	パンガー県
TH-83	プーケット県
TH-84	スラートターニー県
TH-86	チュムポーン県
TH-90	ソンクラー県
TH-91	サトゥーン県
TH-92	トラン県
TH-93	パッタルン県
TH-94	パッターニー県
TH-95	ヤラー県
TH-96	ナラーティワート県
TR	トルコ共和国
TR-01	アダナ県
TR-04	アール県
TR-05	アマスィヤ県
TR-06	アンカラ県
TR-07	アンタルヤ県
TR-08	アルトヴィン県
TR-09	アイドゥン県
TR-10	バルケスィル県
TR-11	ビレジク県
TR-12	ビンギョル県
TR-13	ビトリス県
TR-14	ボル県
TR-15	ブルドゥル県
TR-17	チャナッカレ県
TR-18	チャンクル県
TR-19	チョルム県
TR-20	デニズリ県
TR-22	エディルネ県
TR-23	エラズー県
TR-24	エルズィンジャン県
TR-25	エルズルム県
TR-26	エスキシェヒル県
TR-27	ガズィアンテプ県
TR-28	ギレスン県
TR-30	ハッキャリ県
TR-31	ハタイ県
TR-32	ウスパルタ県
TR-33	メルスィン県
TR-37	カスタモヌ県
TR-38	カイセリ県
TR-39	クルクラーレリ県
TR-40	クルシェヒル県
TR-41	コジャエリ県
TR-42	コンヤ県
TR-43	キュタヒヤ県
TR-44	マラティヤ県
TR-45	マニサ県
TR-46	カフラマンマラシュ県
TR-47	マルディン県
TR-48	ムーラ県
TR-49	ムシュ県
TR-52	オルドゥ県
TR-54	サカリヤ県
TR-55	サムスン県
TR-56	スィイルト県
TR-57	スィノプ県
TR-58	スィヴァス県
TR-59	テキルダー県
TR-61	トラブゾン県
TR-62	トゥンジェリ県
TR-63	シャンルウルファ県
TR-64	ウシャク県
TR-65	ヴァン県
TR-66	ヨズガト県
TR-68	アクサライ県
TR-70	カラマン県
TR-71	クルッカレ県
TR-72	バトマン県
TR-73	シュルナク県
TR-74	バルトゥン県
TR-75	アルダハン県
TR-76	ウードゥル県
TR-77	ヤロヴァ県
TR-79	キリス県
TR-80	オスマニエ県
TW	台灣
TW	台湾
TW-TPE	台北市
US	アメリカ
US	アメリカ合衆国
US	USA
US-AK	アラスカ州
US-AL	アラバマ州
US-AR	アーカンソー州
US-AZ	アリゾナ州
US-CA	カリフォルニア州
US-CO	コロラド州
US-CT	コネチカット州
US-DC	ワシントン・コロンビア特別区
US-DC	ワシントン D.C.
US-DE	デラウェア州
US-FL	フロリダ州
US-GA	ジョージア州
US-HI	ハワイ州
US-IA	アイオワ州
US-ID	アイダホ州
US-IL	イリノイ州
US-IN	インディアナ州
US-KS	カンザス州
US-KY	ケンタッキー州
US-LA	ルイジアナ州
US-MA	マサチューセッツ州
US-MD	メリーランド州
US-ME	メイン州
US-MI	ミシガン州
US-MN	ミネソタ州
US-MO	ミズーリ州
US-MS	ミシシッピ州
US-MT	モンタナ州
US-NC	ノースカロライナ州
US-ND	ノースダコタ州
US-NE	ネブラスカ州
US-NH	ニューハンプシャー州
US-NJ	ニュージャージー州
US-NM	ニューメキシコ州
US-NV	ネバダ州
US-NY	ニューヨーク州
US-OH	オハイオ州
US-OK	オクラホマ州
US-OR	オレゴン州
US-PA	ペンシルベニア州
US-RI	ロードアイランド州
US-SC	サウスカロライナ州
US-SD	サウスダコタ州
US-TN	テネシー州
US-TX	テキサス州
US-UT	ユタ州
US-VA	バージニア州
US-VT	バーモント州
US-WA	ワシントン州
US-WI	ウィスコンシン州
US-WV	ウェストバージニア州
US-WY	ワイオミング州
VN	ヴェトナム
VN-13	クアンニン省
